timestamp,device_id,lat,lon,speed_kmh,altitude_m,satellites
2026-03-23T22:53:03.655485+00:00,Andre,-34.139933,22.092625,1,85.2,null
2026-03-24T07:27:26+00:00,Andre,-34.139445,22.091298,37.8,0,null
2026-03-24T07:27:28.197132+00:00,Andre,-34.139445,22.091298,37.8,94.5,null
2026-03-24T07:27:45+00:00,Andre,-34.138361,22.089738,34.6,0,null
2026-03-24T07:27:46.972859+00:00,Andre,-34.138361,22.089738,34.6,106.5,null
2026-03-24T07:27:57+00:00,Andre,-34.137297,22.089364,38.5,0,null
2026-03-24T07:27:58.702323+00:00,Andre,-34.137297,22.089364,38.5,89.3,null
2026-03-24T07:28:09+00:00,Andre,-34.136422,22.088985,28.7,0,null
2026-03-24T07:28:10.539657+00:00,Andre,-34.136422,22.088985,28.7,87.5,null
2026-03-24T07:28:20+00:00,Andre,-34.136337,22.08973,21.8,0,null
2026-03-24T07:28:21.981468+00:00,Andre,-34.136337,22.08973,21.8,77.1,null
2026-03-24T07:28:32+00:00,Andre,-34.135827,22.090929,49.8,0,null
2026-03-24T07:28:34.322881+00:00,Andre,-34.135827,22.090929,49.8,77.1,null
2026-03-24T07:28:44+00:00,Andre,-34.135664,22.092834,56.1,0,null
2026-03-24T07:28:45.410484+00:00,Andre,-34.135664,22.092834,56.1,71.5,null
2026-03-24T07:28:55+00:00,Andre,-34.136057,22.094442,51.3,0,null
2026-03-24T07:28:56.667215+00:00,Andre,-34.136057,22.094442,51.3,64.1,null
2026-03-24T07:29:06+00:00,Andre,-34.136919,22.095755,55.5,0,null
2026-03-24T07:29:07.706137+00:00,Andre,-34.136919,22.095755,55.5,49.5,null
2026-03-24T07:29:17+00:00,Andre,-34.137519,22.097516,57.2,0,null
2026-03-24T07:29:18.947006+00:00,Andre,-34.137519,22.097516,57.2,38.3,null
2026-03-24T07:29:29+00:00,Andre,-34.137323,22.09957,59.9,0,null
2026-03-24T07:29:30.175653+00:00,Andre,-34.137323,22.09957,59.9,29.1,null
2026-03-24T07:29:40+00:00,Andre,-34.135995,22.100659,66.4,0,null
2026-03-24T07:29:41.642571+00:00,Andre,-34.135995,22.100659,66.4,23.6,null
2026-03-24T07:29:51+00:00,Andre,-34.134,22.101182,75.6,0,null
2026-03-24T07:29:55.146654+00:00,Andre,-34.134,22.101182,75.6,28.7,null
2026-03-24T07:30:05+00:00,Andre,-34.131989,22.101723,52.2,0,null
2026-03-24T07:30:06.759718+00:00,Andre,-34.131989,22.101723,52.2,33.8,null
2026-03-24T07:30:16+00:00,Andre,-34.130863,22.102069,50,0,null
2026-03-24T07:30:18.198884+00:00,Andre,-34.130863,22.102069,50,36.6,null
2026-03-24T07:30:26+00:00,Andre,-34.129723,22.101944,33.4,0,null
2026-03-24T07:30:29.55463+00:00,Andre,-34.129723,22.101944,33.4,44.2,null
2026-03-24T07:30:39+00:00,Andre,-34.129363,22.101392,10.6,0,null
2026-03-24T07:30:40.934212+00:00,Andre,-34.129363,22.101392,10.6,42.2,null
2026-03-24T07:30:51+00:00,Andre,-34.129085,22.101322,18.4,0,null
2026-03-24T07:30:52.232517+00:00,Andre,-34.129085,22.101322,18.4,45.8,null
2026-03-24T07:31:02+00:00,Andre,-34.128933,22.101994,7.1,0,null
2026-03-24T07:31:03.710705+00:00,Andre,-34.128933,22.101994,7.1,45.4,null
2026-03-24T07:31:13+00:00,Andre,-34.128796,22.102182,9,0,null
2026-03-24T07:31:15.004552+00:00,Andre,-34.128796,22.102182,9,48.7,null
2026-03-24T07:31:25+00:00,Andre,-34.129023,22.102629,42.3,0,null
2026-03-24T07:31:26.293294+00:00,Andre,-34.129023,22.102629,42.3,47,null
2026-03-24T07:31:36+00:00,Andre,-34.130061,22.103938,51.8,0,null
2026-03-24T07:31:37.674855+00:00,Andre,-34.130061,22.103938,51.8,35.7,null
2026-03-24T07:31:47+00:00,Andre,-34.13095,22.105059,33.3,0,null
2026-03-24T07:31:48.944504+00:00,Andre,-34.13095,22.105059,33.3,27,null
2026-03-24T07:31:59+00:00,Andre,-34.131718,22.105609,35.9,0,null
2026-03-24T07:32:00.280044+00:00,Andre,-34.131718,22.105609,35.9,23.9,null
2026-03-24T07:32:10+00:00,Andre,-34.133048,22.104642,70.2,0,null
2026-03-24T07:32:11.377636+00:00,Andre,-34.133048,22.104642,70.2,21.9,null
2026-03-24T07:32:21+00:00,Andre,-34.134807,22.103364,78.2,0,null
2026-03-24T07:32:22.795217+00:00,Andre,-34.134807,22.103364,78.2,20.9,null
2026-03-24T07:32:32+00:00,Andre,-34.136651,22.102076,74.5,0,null
2026-03-24T07:32:33.977407+00:00,Andre,-34.136651,22.102076,74.5,22.3,null
2026-03-24T07:32:44+00:00,Andre,-34.13878,22.101388,63.2,0,null
2026-03-24T07:32:45.485314+00:00,Andre,-34.13878,22.101388,63.2,21.7,null
2026-03-24T07:32:55+00:00,Andre,-34.139862,22.101411,29.8,0,null
2026-03-24T07:32:56.931622+00:00,Andre,-34.139862,22.101411,29.8,17.2,null
2026-03-24T07:33:07+00:00,Andre,-34.140396,22.101457,8.9,0,null
2026-03-24T07:33:08.480144+00:00,Andre,-34.140396,22.101457,8.9,15,null
2026-03-24T07:33:41+00:00,Andre,-34.140894,22.101513,23.2,0,null
2026-03-24T07:33:42.692571+00:00,Andre,-34.140894,22.101513,23.2,14.2,null
2026-03-24T07:33:52+00:00,Andre,-34.141433,22.101536,19.3,0,null
2026-03-24T07:33:54.045191+00:00,Andre,-34.141433,22.101536,19.3,12,null
2026-03-24T07:34:04+00:00,Andre,-34.141883,22.10156,11.6,0,null
2026-03-24T07:34:05.314333+00:00,Andre,-34.141883,22.10156,11.6,9.8,null
2026-03-24T07:35:00+00:00,Andre,-34.142173,22.101579,18.2,0,null
2026-03-24T07:35:02.073337+00:00,Andre,-34.142173,22.101579,18.2,8,null
2026-03-24T07:35:12+00:00,Andre,-34.142543,22.101216,16.4,0,null
2026-03-24T07:35:14.054724+00:00,Andre,-34.142543,22.101216,16.4,7.4,null
2026-03-24T07:35:35+00:00,Andre,-34.142683,22.100948,0.3,0,null
2026-03-24T07:39:32+00:00,Andre,-34.14248,22.100821,1.2,0,null
2026-03-24T07:56:24+00:00,Andre,-34.142555,22.100923,8.7,0,null
2026-03-24T07:56:25.504104+00:00,Andre,-34.142555,22.100923,8.7,9.9,null
2026-03-24T07:56:48+00:00,Andre,-34.142505,22.101304,0,0,null
2026-03-24T07:57:44+00:00,Andre,-34.142477,22.10135,7.8,0,null
2026-03-24T07:57:46.525345+00:00,Andre,-34.142477,22.10135,7.8,10.7,null
2026-03-24T07:57:56+00:00,Andre,-34.142921,22.101659,31.5,0,null
2026-03-24T07:57:58.16547+00:00,Andre,-34.142921,22.101659,31.5,9.9,null
2026-03-24T07:58:08+00:00,Andre,-34.14401,22.101729,37.8,0,null
2026-03-24T07:58:09.712673+00:00,Andre,-34.14401,22.101729,37.8,8.7,null
2026-03-24T07:58:18+00:00,Andre,-34.144967,22.101819,36.5,0,null
2026-03-24T07:58:21.002367+00:00,Andre,-34.144967,22.101819,36.5,9.3,null
2026-03-24T07:58:31+00:00,Andre,-34.146018,22.101933,16.3,0,null
2026-03-24T07:58:32.465656+00:00,Andre,-34.146018,22.101933,16.3,11.4,null
2026-03-24T07:59:40+00:00,Andre,-34.146287,22.101985,20.4,0,null
2026-03-24T07:59:41.334811+00:00,Andre,-34.146287,22.101985,20.4,21.6,null
2026-03-24T07:59:51+00:00,Andre,-34.147094,22.10206,37,0,null
2026-03-24T07:59:52.837432+00:00,Andre,-34.147094,22.10206,37,20.5,null
2026-03-24T08:00:02+00:00,Andre,-34.148155,22.102043,35.6,0,null
2026-03-24T08:00:05.151875+00:00,Andre,-34.148155,22.102043,35.6,21,null
2026-03-24T08:00:15+00:00,Andre,-34.149149,22.101767,19.6,0,null
2026-03-24T08:00:16.513174+00:00,Andre,-34.149149,22.101767,19.6,18.5,null
2026-03-24T08:00:26+00:00,Andre,-34.149715,22.1016,28.6,0,null
2026-03-24T08:00:28.262946+00:00,Andre,-34.149715,22.1016,28.6,13.6,null
2026-03-24T08:00:39+00:00,Andre,-34.150845,22.101261,44.2,0,null
2026-03-24T08:00:40.79562+00:00,Andre,-34.150845,22.101261,44.2,5.1,null
2026-03-24T08:00:50+00:00,Andre,-34.151915,22.101182,26.1,0,null
2026-03-24T08:00:52.073819+00:00,Andre,-34.151915,22.101182,26.1,4.1,null
2026-03-24T08:01:02+00:00,Andre,-34.15258,22.101329,15.1,0,null
2026-03-24T08:01:03.383118+00:00,Andre,-34.15258,22.101329,15.1,7.9,null
2026-03-24T08:01:13+00:00,Andre,-34.153204,22.101533,29.6,0,null
2026-03-24T08:01:15.087367+00:00,Andre,-34.153204,22.101533,29.6,11.7,null
2026-03-24T08:01:25+00:00,Andre,-34.154042,22.101836,8,0,null
2026-03-24T08:01:26.865297+00:00,Andre,-34.154042,22.101836,8,12.8,null
2026-03-24T08:01:48+00:00,Andre,-34.154748,22.102088,33.4,0,null
2026-03-24T08:01:49.651463+00:00,Andre,-34.154748,22.102088,33.4,11.3,null
2026-03-24T08:01:59+00:00,Andre,-34.155497,22.102356,3,0,null
2026-03-24T08:02:56+00:00,Andre,-34.155665,22.102435,21.2,0,null
2026-03-24T08:02:58.81928+00:00,Andre,-34.155665,22.102435,21.2,15.8,null
2026-03-24T08:03:09+00:00,Andre,-34.156824,22.102982,47,0,null
2026-03-24T08:03:10.389143+00:00,Andre,-34.156824,22.102982,47,12.1,null
2026-03-24T08:03:20+00:00,Andre,-34.158013,22.103622,44.6,0,null
2026-03-24T08:03:21.748719+00:00,Andre,-34.158013,22.103622,44.6,11.4,null
2026-03-24T08:03:31+00:00,Andre,-34.159156,22.104306,49.2,0,null
2026-03-24T08:03:33.097352+00:00,Andre,-34.159156,22.104306,49.2,11,null
2026-03-24T08:03:43+00:00,Andre,-34.160309,22.105531,52.9,0,null
2026-03-24T08:03:44.563838+00:00,Andre,-34.160309,22.105531,52.9,11.9,null
2026-03-24T08:03:54+00:00,Andre,-34.161304,22.106765,53.1,0,null
2026-03-24T08:03:56.062826+00:00,Andre,-34.161304,22.106765,53.1,12.3,null
2026-03-24T08:04:06+00:00,Andre,-34.162657,22.10799,56.7,0,null
2026-03-24T08:04:08.861177+00:00,Andre,-34.162657,22.10799,56.7,7.7,null
2026-03-24T08:04:18+00:00,Andre,-34.163249,22.108515,0,0,null
2026-03-24T08:04:54+00:00,Andre,-34.163787,22.109015,39.3,0,null
2026-03-24T08:04:55.653987+00:00,Andre,-34.163787,22.109015,39.3,6,null
2026-03-24T08:05:05+00:00,Andre,-34.164795,22.110176,52.9,0,null
2026-03-24T08:05:07.101646+00:00,Andre,-34.164795,22.110176,52.9,7.2,null
2026-03-24T08:05:17+00:00,Andre,-34.165706,22.111739,54.2,0,null
2026-03-24T08:05:21.290525+00:00,Andre,-34.165706,22.111739,54.2,9.1,null
2026-03-24T08:05:31+00:00,Andre,-34.166202,22.113993,58,0,null
2026-03-24T08:05:32.639433+00:00,Andre,-34.166202,22.113993,58,13.2,null
2026-03-24T08:05:42+00:00,Andre,-34.166544,22.115931,61.1,0,null
2026-03-24T08:05:44.195384+00:00,Andre,-34.166544,22.115931,61.1,13.3,null
2026-03-24T08:05:54+00:00,Andre,-34.16704,22.118127,62.4,0,null
2026-03-24T08:05:55.662362+00:00,Andre,-34.16704,22.118127,62.4,11,null
2026-03-24T08:06:05+00:00,Andre,-34.167909,22.119782,58.5,0,null
2026-03-24T08:06:07.333398+00:00,Andre,-34.167909,22.119782,58.5,11.3,null
2026-03-24T08:06:17+00:00,Andre,-34.169229,22.120903,52.1,0,null
2026-03-24T08:06:20.218775+00:00,Andre,-34.169229,22.120903,52.1,11.3,null
2026-03-24T08:06:31+00:00,Andre,-34.170541,22.122477,51.7,0,null
2026-03-24T08:06:35.149128+00:00,Andre,-34.170541,22.122477,51.7,7.7,null
2026-03-24T08:06:45+00:00,Andre,-34.171768,22.124091,48.1,0,null
2026-03-24T08:06:46.895159+00:00,Andre,-34.171768,22.124091,48.1,13.7,null
2026-03-24T08:06:56+00:00,Andre,-34.172446,22.125642,49.8,0,null
2026-03-24T08:06:56+00:00,Andre,-34.172446,22.125642,49.8,0,null
2026-03-24T08:06:58.309526+00:00,Andre,-34.172446,22.125642,49.8,46.7,null
2026-03-24T08:07:12.933999+00:00,Andre,-34.172446,22.125642,49.8,46.7,null
2026-03-24T08:07:23+00:00,Andre,-34.173399,22.129667,55.7,0,null
2026-03-24T08:07:24.47889+00:00,Andre,-34.173399,22.129667,55.7,8.3,null
2026-03-24T08:07:34+00:00,Andre,-34.173624,22.131482,58,0,null
2026-03-24T08:07:36.717489+00:00,Andre,-34.173624,22.131482,58,10.2,null
2026-03-24T08:07:45+00:00,Andre,-34.174134,22.133308,57.4,0,null
2026-03-24T08:07:48.195038+00:00,Andre,-34.174134,22.133308,57.4,11.3,null
2026-03-24T08:07:58+00:00,Andre,-34.175651,22.134368,56.2,0,null
2026-03-24T08:07:59.677776+00:00,Andre,-34.175651,22.134368,56.2,16.4,null
2026-03-24T08:08:09+00:00,Andre,-34.177102,22.134955,55.8,0,null
2026-03-24T08:08:11.045116+00:00,Andre,-34.177102,22.134955,55.8,19.3,null
2026-03-24T08:08:21+00:00,Andre,-34.17851,22.135941,56,0,null
2026-03-24T08:08:22.408393+00:00,Andre,-34.17851,22.135941,56,21.4,null
2026-03-24T08:08:32+00:00,Andre,-34.17954,22.137351,54.7,0,null
2026-03-24T08:08:34.084638+00:00,Andre,-34.17954,22.137351,54.7,26.2,null
2026-03-24T08:08:44+00:00,Andre,-34.180329,22.139115,57.3,0,null
2026-03-24T08:08:45.410522+00:00,Andre,-34.180329,22.139115,57.3,29.8,null
2026-03-24T08:08:54+00:00,Andre,-34.180724,22.139572,52.6,0,null
2026-03-24T08:08:54+00:00,Andre,-34.180724,22.139572,52.6,0,null
2026-03-24T08:08:56.88691+00:00,Andre,-34.180724,22.139572,52.6,29.5,null
2026-03-24T08:09:08.30016+00:00,Andre,-34.180724,22.139572,52.6,29.5,null
2026-03-24T08:09:15+00:00,Andre,-34.181478,22.142883,27.3,0,null
2026-03-24T08:09:15+00:00,Andre,-34.181478,22.142883,27.3,0,null
2026-03-24T08:09:15+00:00,Andre,-34.181478,22.142883,27.3,0,null
2026-03-24T08:09:15+00:00,Andre,-34.181478,22.142883,27.3,0,null
2026-03-24T08:09:15+00:00,Andre,-34.181478,22.142883,27.3,0,null
2026-03-24T08:09:15+00:00,Andre,-34.181478,22.142883,27.3,0,null
2026-03-24T08:09:15+00:00,Andre,-34.181478,22.142883,27.3,0,null
2026-03-24T08:09:15+00:00,Andre,-34.181478,22.142883,27.3,0,null
2026-03-24T08:09:15+00:00,Andre,-34.181478,22.142883,27.3,0,null
2026-03-24T08:09:15+00:00,Andre,-34.181478,22.142883,27.3,0,null
2026-03-24T08:09:15+00:00,Andre,-34.181478,22.142883,27.3,0,null
2026-03-24T08:09:15+00:00,Andre,-34.181478,22.142883,27.3,0,null
2026-03-24T08:09:15+00:00,Andre,-34.181478,22.142883,27.3,0,null
2026-03-24T08:09:15+00:00,Andre,-34.181478,22.142883,27.3,0,null
2026-03-24T08:09:19.893274+00:00,Andre,-34.181478,22.142883,27.3,33.1,null
2026-03-24T08:09:31.524953+00:00,Andre,-34.181478,22.142883,27.3,33.1,null
2026-03-24T08:09:42.966674+00:00,Andre,-34.181478,22.142883,27.3,33.1,null
2026-03-24T08:09:54.461387+00:00,Andre,-34.181478,22.142883,27.3,33.1,null
2026-03-24T08:10:05.84379+00:00,Andre,-34.181478,22.142883,27.3,33.1,null
2026-03-24T08:10:17.5005+00:00,Andre,-34.181478,22.142883,27.3,33.1,null
2026-03-24T08:10:28.870269+00:00,Andre,-34.181478,22.142883,27.3,33.1,null
2026-03-24T08:10:40.307319+00:00,Andre,-34.181478,22.142883,27.3,33.1,null
2026-03-24T08:10:54.667725+00:00,Andre,-34.181478,22.142883,27.3,33.1,null
2026-03-24T08:11:06.137389+00:00,Andre,-34.181478,22.142883,27.3,33.1,null
2026-03-24T08:11:18.907174+00:00,Andre,-34.181478,22.142883,27.3,33.1,null
2026-03-24T08:11:30.390317+00:00,Andre,-34.181478,22.142883,27.3,33.1,null
2026-03-24T08:11:45.465585+00:00,Andre,-34.181478,22.142883,27.3,33.1,null
2026-03-24T08:27:30+00:00,Andre,-34.182282,22.136579,52.2,0,null
2026-03-24T08:27:32.286963+00:00,Andre,-34.182282,22.136579,52.2,77.9,null
2026-03-24T08:27:42+00:00,Andre,-34.182378,22.134762,40.9,0,null
2026-03-24T08:27:43.950936+00:00,Andre,-34.182378,22.134762,40.9,96.1,null
2026-03-24T08:27:54+00:00,Andre,-34.183478,22.133755,58,0,null
2026-03-24T08:27:55.289844+00:00,Andre,-34.183478,22.133755,58,107.7,null
2026-03-24T08:28:05+00:00,Andre,-34.184622,22.132272,67.1,0,null
2026-03-24T08:28:06.687542+00:00,Andre,-34.184622,22.132272,67.1,119.1,null
2026-03-24T08:28:16+00:00,Andre,-34.184844,22.130052,67.9,0,null
2026-03-24T08:28:17.896123+00:00,Andre,-34.184844,22.130052,67.9,128.3,null
2026-03-24T08:28:27+00:00,Andre,-34.184278,22.127862,69.4,0,null
2026-03-24T08:28:29.430168+00:00,Andre,-34.184278,22.127862,69.4,130.9,null
2026-03-24T08:28:39+00:00,Andre,-34.183769,22.125643,60.9,0,null
2026-03-24T08:28:40.881475+00:00,Andre,-34.183769,22.125643,60.9,133.1,null
2026-03-24T08:28:51+00:00,Andre,-34.183858,22.124448,26,0,null
2026-03-24T08:28:52.469881+00:00,Andre,-34.183858,22.124448,26,130.6,null
2026-03-24T08:29:02+00:00,Andre,-34.185099,22.124408,57.9,0,null
2026-03-24T08:29:03.874929+00:00,Andre,-34.185099,22.124408,57.9,134.1,null
2026-03-24T08:29:12+00:00,Andre,-34.186604,22.12447,58.9,0,null
2026-03-24T08:29:15.494514+00:00,Andre,-34.186604,22.12447,58.9,142.9,null
2026-03-24T08:29:25+00:00,Andre,-34.188014,22.124067,59.5,0,null
2026-03-24T08:29:27.088195+00:00,Andre,-34.188014,22.124067,59.5,152.2,null
2026-03-24T08:29:37+00:00,Andre,-34.189358,22.123586,43.1,0,null
2026-03-24T08:29:38.544616+00:00,Andre,-34.189358,22.123586,43.1,158.4,null
2026-03-24T08:29:48+00:00,Andre,-34.189999,22.122426,44,0,null
2026-03-24T08:29:50.090702+00:00,Andre,-34.189999,22.122426,44,155.5,null
2026-03-24T08:30:00+00:00,Andre,-34.190572,22.121074,31.5,0,null
2026-03-24T08:30:01.778189+00:00,Andre,-34.190572,22.121074,31.5,151.7,null
2026-03-24T08:30:11+00:00,Andre,-34.190601,22.120799,5,0,null
2026-03-24T08:30:13.333918+00:00,Andre,-34.190601,22.120799,5,150.3,null
2026-03-24T08:31:20+00:00,Andre,-34.190303,22.120702,10.7,0,null
2026-03-24T08:31:21.775224+00:00,Andre,-34.190303,22.120702,10.7,150.9,null
2026-03-24T10:00:57+00:00,Andre,-34.19008,22.120924,4,0,null
2026-03-24T10:01:07+00:00,Andre,-34.19039,22.12083,6.2,0,null
2026-03-24T10:01:07+00:00,Andre,-34.19039,22.12083,6.2,0,null
2026-03-24T10:01:07+00:00,Andre,-34.19039,22.12083,6.2,0,null
2026-03-24T10:01:07+00:00,Andre,-34.19039,22.12083,6.2,0,null
2026-03-24T10:01:07+00:00,Andre,-34.19039,22.12083,6.2,0,null
2026-03-24T10:01:07+00:00,Andre,-34.19039,22.12083,6.2,0,null
2026-03-24T10:01:07+00:00,Andre,-34.19039,22.12083,6.2,0,null
2026-03-24T10:01:07+00:00,Andre,-34.19039,22.12083,6.2,0,null
2026-03-24T10:01:07+00:00,Andre,-34.19039,22.12083,6.2,0,null
2026-03-24T10:01:07+00:00,Andre,-34.19039,22.12083,6.2,0,null
2026-03-24T10:01:07+00:00,Andre,-34.19039,22.12083,6.2,0,null
2026-03-24T10:01:07+00:00,Andre,-34.19039,22.12083,6.2,0,null
2026-03-24T10:01:07+00:00,Andre,-34.19039,22.12083,6.2,0,null
2026-03-24T10:01:07+00:00,Andre,-34.19039,22.12083,6.2,0,null
2026-03-24T10:01:07+00:00,Andre,-34.19039,22.12083,6.2,0,null
2026-03-24T10:01:07+00:00,Andre,-34.19039,22.12083,6.2,0,null
2026-03-24T10:01:07+00:00,Andre,-34.19039,22.12083,6.2,0,null
2026-03-24T10:01:07+00:00,Andre,-34.19039,22.12083,6.2,0,null
2026-03-24T10:01:07+00:00,Andre,-34.19039,22.12083,6.2,0,null
2026-03-24T10:01:07+00:00,Andre,-34.19039,22.12083,6.2,0,null
2026-03-24T10:01:07+00:00,Andre,-34.19039,22.12083,6.2,0,null
2026-03-24T10:01:07+00:00,Andre,-34.19039,22.12083,6.2,0,null
2026-03-24T10:01:07+00:00,Andre,-34.19039,22.12083,6.2,0,null
2026-03-24T10:01:07+00:00,Andre,-34.19039,22.12083,6.2,0,null
2026-03-24T10:01:07+00:00,Andre,-34.19039,22.12083,6.2,0,null
2026-03-24T10:01:07+00:00,Andre,-34.19039,22.12083,6.2,0,null
2026-03-24T10:01:07+00:00,Andre,-34.19039,22.12083,6.2,0,null
2026-03-24T10:01:07+00:00,Andre,-34.19039,22.12083,6.2,0,null
2026-03-24T10:01:07+00:00,Andre,-34.19039,22.12083,6.2,0,null
2026-03-24T10:01:07+00:00,Andre,-34.19039,22.12083,6.2,0,null
2026-03-24T10:01:07+00:00,Andre,-34.19039,22.12083,6.2,0,null
2026-03-24T10:01:07+00:00,Andre,-34.19039,22.12083,6.2,0,null
2026-03-24T10:01:07+00:00,Andre,-34.19039,22.12083,6.2,0,null
2026-03-24T10:01:07+00:00,Andre,-34.19039,22.12083,6.2,0,null
2026-03-24T10:01:07+00:00,Andre,-34.19039,22.12083,6.2,0,null
2026-03-24T10:01:07+00:00,Andre,-34.19039,22.12083,6.2,0,null
2026-03-24T10:01:07+00:00,Andre,-34.19039,22.12083,6.2,0,null
2026-03-24T10:01:07+00:00,Andre,-34.19039,22.12083,6.2,0,null
2026-03-24T10:01:07+00:00,Andre,-34.19039,22.12083,6.2,0,null
2026-03-24T10:01:07+00:00,Andre,-34.19039,22.12083,6.2,0,null
2026-03-24T10:01:07+00:00,Andre,-34.19039,22.12083,6.2,0,null
2026-03-24T10:01:07+00:00,Andre,-34.19039,22.12083,6.2,0,null
2026-03-24T10:01:07+00:00,Andre,-34.19039,22.12083,6.2,0,null
2026-03-24T10:01:07+00:00,Andre,-34.19039,22.12083,6.2,0,null
2026-03-24T10:01:07+00:00,Andre,-34.19039,22.12083,6.2,0,null
2026-03-24T10:01:07+00:00,Andre,-34.19039,22.12083,6.2,0,null
2026-03-24T10:01:07+00:00,Andre,-34.19039,22.12083,6.2,0,null
2026-03-24T10:01:07+00:00,Andre,-34.19039,22.12083,6.2,0,null
2026-03-24T10:01:07+00:00,Andre,-34.19039,22.12083,6.2,0,null
2026-03-24T10:01:07+00:00,Andre,-34.19039,22.12083,6.2,0,null
2026-03-24T10:01:07+00:00,Andre,-34.19039,22.12083,6.2,0,null
2026-03-24T10:01:07+00:00,Andre,-34.19039,22.12083,6.2,0,null
2026-03-24T10:01:07+00:00,Andre,-34.19039,22.12083,6.2,0,null
2026-03-24T10:01:07+00:00,Andre,-34.19039,22.12083,6.2,0,null
2026-03-24T10:01:07+00:00,Andre,-34.19039,22.12083,6.2,0,null
2026-03-24T10:01:07+00:00,Andre,-34.19039,22.12083,6.2,0,null
2026-03-24T10:01:07+00:00,Andre,-34.19039,22.12083,6.2,0,null
2026-03-24T10:01:07+00:00,Andre,-34.19039,22.12083,6.2,0,null
2026-03-24T10:01:07+00:00,Andre,-34.19039,22.12083,6.2,0,null
2026-03-24T10:01:07+00:00,Andre,-34.19039,22.12083,6.2,0,null
2026-03-24T10:01:07+00:00,Andre,-34.19039,22.12083,6.2,0,null
2026-03-24T10:01:07+00:00,Andre,-34.19039,22.12083,6.2,0,null
2026-03-24T10:01:07+00:00,Andre,-34.19039,22.12083,6.2,0,null
2026-03-24T10:01:07+00:00,Andre,-34.19039,22.12083,6.2,0,null
2026-03-24T10:01:07+00:00,Andre,-34.19039,22.12083,6.2,0,null
2026-03-24T10:01:07+00:00,Andre,-34.19039,22.12083,6.2,0,null
2026-03-24T10:01:07+00:00,Andre,-34.19039,22.12083,6.2,0,null
2026-03-24T10:01:07+00:00,Andre,-34.19039,22.12083,6.2,0,null
2026-03-24T10:01:07+00:00,Andre,-34.19039,22.12083,6.2,0,null
2026-03-24T10:01:07+00:00,Andre,-34.19039,22.12083,6.2,0,null
2026-03-24T10:01:07+00:00,Andre,-34.19039,22.12083,6.2,0,null
2026-03-24T10:01:07+00:00,Andre,-34.19039,22.12083,6.2,0,null
2026-03-24T10:01:07+00:00,Andre,-34.19039,22.12083,6.2,0,null
2026-03-24T10:01:07+00:00,Andre,-34.19039,22.12083,6.2,0,null
2026-03-24T10:01:07+00:00,Andre,-34.19039,22.12083,6.2,0,null
2026-03-24T10:01:07+00:00,Andre,-34.19039,22.12083,6.2,0,null
2026-03-24T10:01:07+00:00,Andre,-34.19039,22.12083,6.2,0,null
2026-03-24T10:01:07+00:00,Andre,-34.19039,22.12083,6.2,0,null
2026-03-24T10:01:07+00:00,Andre,-34.19039,22.12083,6.2,0,null
2026-03-24T10:01:07+00:00,Andre,-34.19039,22.12083,6.2,0,null
2026-03-24T10:01:07+00:00,Andre,-34.19039,22.12083,6.2,0,null
2026-03-24T10:01:07+00:00,Andre,-34.19039,22.12083,6.2,0,null
2026-03-24T10:01:07+00:00,Andre,-34.19039,22.12083,6.2,0,null
2026-03-24T10:01:07+00:00,Andre,-34.19039,22.12083,6.2,0,null
2026-03-24T10:01:07+00:00,Andre,-34.19039,22.12083,6.2,0,null
2026-03-24T10:01:07+00:00,Andre,-34.19039,22.12083,6.2,0,null
2026-03-24T10:01:07+00:00,Andre,-34.19039,22.12083,6.2,0,null
2026-03-24T10:01:07+00:00,Andre,-34.19039,22.12083,6.2,0,null
2026-03-24T10:01:07+00:00,Andre,-34.19039,22.12083,6.2,0,null
2026-03-24T10:01:07+00:00,Andre,-34.19039,22.12083,6.2,0,null
2026-03-24T10:01:27+00:00,Andre,-34.190542,22.120945,20.1,0,null
2026-03-24T10:01:27+00:00,Andre,-34.190542,22.120945,20.1,0,null
2026-03-24T10:01:27+00:00,Andre,-34.190542,22.120945,20.1,0,null
2026-03-24T10:01:27+00:00,Andre,-34.190542,22.120945,20.1,0,null
2026-03-24T10:01:27+00:00,Andre,-34.190542,22.120945,20.1,0,null
2026-03-24T10:01:27+00:00,Andre,-34.190542,22.120945,20.1,0,null
2026-03-24T10:01:27+00:00,Andre,-34.190542,22.120945,20.1,0,null
2026-03-24T10:01:27+00:00,Andre,-34.190542,22.120945,20.1,0,null
2026-03-24T10:01:27+00:00,Andre,-34.190542,22.120945,20.1,0,null
2026-03-24T10:01:27+00:00,Andre,-34.190542,22.120945,20.1,0,null
2026-03-24T10:01:27+00:00,Andre,-34.190542,22.120945,20.1,0,null
2026-03-24T10:01:27+00:00,Andre,-34.190542,22.120945,20.1,0,null
2026-03-24T10:01:27+00:00,Andre,-34.190542,22.120945,20.1,0,null
2026-03-24T10:01:27+00:00,Andre,-34.190542,22.120945,20.1,0,null
2026-03-24T10:01:27+00:00,Andre,-34.190542,22.120945,20.1,0,null
2026-03-24T10:01:27+00:00,Andre,-34.190542,22.120945,20.1,0,null
2026-03-24T10:01:27+00:00,Andre,-34.190542,22.120945,20.1,0,null
2026-03-24T10:01:27+00:00,Andre,-34.190542,22.120945,20.1,0,null
2026-03-24T10:01:27+00:00,Andre,-34.190542,22.120945,20.1,0,null
2026-03-24T10:01:27+00:00,Andre,-34.190542,22.120945,20.1,0,null
2026-03-24T10:01:27+00:00,Andre,-34.190542,22.120945,20.1,0,null
2026-03-24T10:01:27+00:00,Andre,-34.190542,22.120945,20.1,0,null
2026-03-24T10:01:27+00:00,Andre,-34.190542,22.120945,20.1,0,null
2026-03-24T10:01:27+00:00,Andre,-34.190542,22.120945,20.1,0,null
2026-03-24T10:01:27+00:00,Andre,-34.190542,22.120945,20.1,0,null
2026-03-24T10:01:27+00:00,Andre,-34.190542,22.120945,20.1,0,null
2026-03-24T10:01:27+00:00,Andre,-34.190542,22.120945,20.1,0,null
2026-03-24T10:01:27+00:00,Andre,-34.190542,22.120945,20.1,0,null
2026-03-24T10:01:27+00:00,Andre,-34.190542,22.120945,20.1,0,null
2026-03-24T10:01:27+00:00,Andre,-34.190542,22.120945,20.1,0,null
2026-03-24T10:01:27+00:00,Andre,-34.190542,22.120945,20.1,0,null
2026-03-24T10:01:27+00:00,Andre,-34.190542,22.120945,20.1,0,null
2026-03-24T10:01:27+00:00,Andre,-34.190542,22.120945,20.1,0,null
2026-03-24T10:01:27+00:00,Andre,-34.190542,22.120945,20.1,0,null
2026-03-24T10:01:27+00:00,Andre,-34.190542,22.120945,20.1,0,null
2026-03-24T10:01:27+00:00,Andre,-34.190542,22.120945,20.1,0,null
2026-03-24T10:01:27+00:00,Andre,-34.190542,22.120945,20.1,0,null
2026-03-24T10:01:27+00:00,Andre,-34.190542,22.120945,20.1,0,null
2026-03-24T10:01:27+00:00,Andre,-34.190542,22.120945,20.1,0,null
2026-03-24T10:01:27+00:00,Andre,-34.190542,22.120945,20.1,0,null
2026-03-24T10:01:27+00:00,Andre,-34.190542,22.120945,20.1,0,null
2026-03-24T10:01:27+00:00,Andre,-34.190542,22.120945,20.1,0,null
2026-03-24T10:01:27+00:00,Andre,-34.190542,22.120945,20.1,0,null
2026-03-24T10:01:27+00:00,Andre,-34.190542,22.120945,20.1,0,null
2026-03-24T10:01:27+00:00,Andre,-34.190542,22.120945,20.1,0,null
2026-03-24T10:01:27+00:00,Andre,-34.190542,22.120945,20.1,0,null
2026-03-24T10:01:27+00:00,Andre,-34.190542,22.120945,20.1,0,null
2026-03-24T10:01:27+00:00,Andre,-34.190542,22.120945,20.1,0,null
2026-03-24T10:01:27+00:00,Andre,-34.190542,22.120945,20.1,0,null
2026-03-24T10:01:27+00:00,Andre,-34.190542,22.120945,20.1,0,null
2026-03-24T10:01:27+00:00,Andre,-34.190542,22.120945,20.1,0,null
2026-03-24T10:01:27+00:00,Andre,-34.190542,22.120945,20.1,0,null
2026-03-24T10:01:27+00:00,Andre,-34.190542,22.120945,20.1,0,null
2026-03-24T10:01:27+00:00,Andre,-34.190542,22.120945,20.1,0,null
2026-03-24T10:01:27+00:00,Andre,-34.190542,22.120945,20.1,0,null
2026-03-24T10:01:27+00:00,Andre,-34.190542,22.120945,20.1,0,null
2026-03-24T10:01:27+00:00,Andre,-34.190542,22.120945,20.1,0,null
2026-03-24T10:01:27+00:00,Andre,-34.190542,22.120945,20.1,0,null
2026-03-24T10:01:27+00:00,Andre,-34.190542,22.120945,20.1,0,null
2026-03-24T10:01:27+00:00,Andre,-34.190542,22.120945,20.1,0,null
2026-03-24T10:01:27+00:00,Andre,-34.190542,22.120945,20.1,0,null
2026-03-24T10:01:27+00:00,Andre,-34.190542,22.120945,20.1,0,null
2026-03-24T10:01:27+00:00,Andre,-34.190542,22.120945,20.1,0,null
2026-03-24T10:01:27+00:00,Andre,-34.190542,22.120945,20.1,0,null
2026-03-24T10:01:27+00:00,Andre,-34.190542,22.120945,20.1,0,null
2026-03-24T10:01:27+00:00,Andre,-34.190542,22.120945,20.1,0,null
2026-03-24T10:01:27+00:00,Andre,-34.190542,22.120945,20.1,0,null
2026-03-24T10:01:27+00:00,Andre,-34.190542,22.120945,20.1,0,null
2026-03-24T10:01:27+00:00,Andre,-34.190542,22.120945,20.1,0,null
2026-03-24T10:01:27+00:00,Andre,-34.190542,22.120945,20.1,0,null
2026-03-24T10:01:27+00:00,Andre,-34.190542,22.120945,20.1,0,null
2026-03-24T10:01:27+00:00,Andre,-34.190542,22.120945,20.1,0,null
2026-03-24T10:01:27+00:00,Andre,-34.190542,22.120945,20.1,0,null
2026-03-24T10:01:27+00:00,Andre,-34.190542,22.120945,20.1,0,null
2026-03-24T10:01:27+00:00,Andre,-34.190542,22.120945,20.1,0,null
2026-03-24T10:01:27+00:00,Andre,-34.190542,22.120945,20.1,0,null
2026-03-24T10:01:27+00:00,Andre,-34.190542,22.120945,20.1,0,null
2026-03-24T10:01:27+00:00,Andre,-34.190542,22.120945,20.1,0,null
2026-03-24T10:01:27+00:00,Andre,-34.190542,22.120945,20.1,0,null
2026-03-24T10:01:27+00:00,Andre,-34.190542,22.120945,20.1,0,null
2026-03-24T10:01:27+00:00,Andre,-34.190542,22.120945,20.1,0,null
2026-03-24T10:01:27+00:00,Andre,-34.190542,22.120945,20.1,0,null
2026-03-24T10:01:27+00:00,Andre,-34.190542,22.120945,20.1,0,null
2026-03-24T10:01:27+00:00,Andre,-34.190542,22.120945,20.1,0,null
2026-03-24T10:01:27+00:00,Andre,-34.190542,22.120945,20.1,0,null
2026-03-24T10:01:27+00:00,Andre,-34.190542,22.120945,20.1,0,null
2026-03-24T10:01:27+00:00,Andre,-34.190542,22.120945,20.1,0,null
2026-03-24T10:01:27+00:00,Andre,-34.190542,22.120945,20.1,0,null
2026-03-24T10:01:27+00:00,Andre,-34.190542,22.120945,20.1,0,null
2026-03-24T10:02:16.382629+00:00,Andre,-34.187218,22.124258,33,147.6,null
2026-03-24T10:02:28.295143+00:00,Andre,-34.185985,22.124383,56.5,137,null
2026-03-24T10:02:40.060636+00:00,Andre,-34.184566,22.124313,47.8,132.7,null
2026-03-24T10:02:51.611744+00:00,Andre,-34.183588,22.124492,30.9,133.1,null
2026-03-24T10:03:03.183737+00:00,Andre,-34.183588,22.124492,30.9,133.1,null
2026-03-24T10:03:14.774178+00:00,Andre,-34.183588,22.124492,30.9,133.1,null
2026-03-24T10:03:34.619209+00:00,Andre,-34.184554,22.132259,84,118,null
2026-03-24T10:03:48.565025+00:00,Andre,-34.18072,22.133725,108.8,86.4,null
2026-03-24T10:04:01.043018+00:00,Andre,-34.180461,22.133604,111.9,86.4,null
2026-03-24T10:04:13.127624+00:00,Andre,-34.175181,22.129508,91.7,43.5,null
2026-03-24T10:04:24.402534+00:00,Andre,-34.175181,22.129508,91.7,43.5,null
2026-03-24T10:04:36.022232+00:00,Andre,-34.173048,22.125646,20.8,20.1,null
2026-03-24T10:04:47.337581+00:00,Andre,-34.172439,22.12484,44.1,14.2,null
2026-03-24T10:04:59.043547+00:00,Andre,-34.171447,22.123522,60,9.6,null
2026-03-24T10:05:11.431008+00:00,Andre,-34.17022,22.1219,61.7,6.9,null
2026-03-24T10:05:22.896302+00:00,Andre,-34.169018,22.120599,31.5,10.1,null
2026-03-24T10:05:35.602738+00:00,Andre,-34.167809,22.119481,74,7.3,null
2026-03-24T10:05:54.312602+00:00,Andre,-34.166819,22.116831,84.9,8.7,null
2026-03-24T10:06:05.996589+00:00,Andre,-34.166008,22.112567,67.7,7.2,null
2026-03-24T10:06:17.4484+00:00,Andre,-34.165149,22.110642,56.8,6.9,null
2026-03-24T10:06:29.068738+00:00,Andre,-34.164299,22.109445,31.4,5.5,null
2026-03-24T10:06:40.310547+00:00,Andre,-34.163941,22.109057,1.4,5.5,null
2026-03-24T10:06:51.887089+00:00,Andre,-34.163761,22.10888,11.1,5.7,null
2026-03-24T10:07:03.31482+00:00,Andre,-34.163761,22.10888,11.1,5.7,null
2026-03-24T10:07:14.781942+00:00,Andre,-34.161715,22.107063,41,9.6,null
2026-03-24T10:07:26.259603+00:00,Andre,-34.160908,22.106197,36.2,11.9,null
2026-03-24T10:07:37.664406+00:00,Andre,-34.160173,22.10524,34.3,9.9,null
2026-03-24T10:07:53.605052+00:00,Andre,-34.159454,22.104401,18.2,9.3,null
2026-03-24T10:08:07.353492+00:00,Andre,-34.159363,22.10433,6.9,8.8,null
2026-03-24T10:08:19.009164+00:00,Andre,-34.158573,22.103801,17.2,8.6,null
2026-03-24T10:08:41.732528+00:00,Andre,-34.158443,22.103722,6.1,11.3,null
2026-03-24T10:08:53.197298+00:00,Andre,-34.158213,22.103595,10.3,11.1,null
2026-03-24T10:09:04.582615+00:00,Andre,-34.157955,22.103454,4,10.3,null
2026-03-24T10:09:38.905889+00:00,Andre,-34.157589,22.103283,3.5,9.5,null
2026-03-24T10:10:19.820617+00:00,Andre,-34.157487,22.103233,10.4,8.6,null
2026-03-24T10:10:31.171834+00:00,Andre,-34.157035,22.102997,5.9,8.8,null
2026-03-24T10:10:42.758354+00:00,Andre,-34.156811,22.102879,11,8.5,null
2026-03-24T10:11:46.037112+00:00,Andre,-34.156638,22.102789,13,11.2,null
2026-03-24T10:11:57.426778+00:00,Andre,-34.156364,22.102643,6,11,null
2026-03-24T10:13:45.056785+00:00,Andre,-34.154586,22.101945,11,13.8,null
2026-03-24T10:13:56.607929+00:00,Andre,-34.154481,22.101913,7.6,14.4,null
2026-03-24T10:14:07.867263+00:00,Andre,-34.153996,22.101735,13,14,null
2026-03-24T10:14:30.587951+00:00,Andre,-34.153625,22.101599,9.1,12.8,null
2026-03-24T10:14:42.011729+00:00,Andre,-34.153372,22.101505,7,12,null
2026-03-24T10:14:53.5418+00:00,Andre,-34.153131,22.101424,8.1,10.9,null
2026-03-24T10:15:16.219832+00:00,Andre,-34.152906,22.101347,6.2,9.8,null
2026-03-24T10:15:50.416271+00:00,Andre,-34.152557,22.101231,9.8,7.8,null
2026-03-24T10:16:01.658548+00:00,Andre,-34.152197,22.101139,11.4,5.3,null
2026-03-24T10:16:35.893733+00:00,Andre,-34.151973,22.101106,2.9,6.2,null
2026-03-24T10:16:47.341627+00:00,Andre,-34.151679,22.101082,16.4,5.7,null
2026-03-24T10:16:58.958286+00:00,Andre,-34.151309,22.1011,13.3,5.6,null
2026-03-24T10:17:16.855441+00:00,Andre,-34.151016,22.101149,4.3,6.5,null
2026-03-24T10:18:02.172338+00:00,Andre,-34.150588,22.101264,11.9,8.6,null
2026-03-24T10:18:25.245471+00:00,Andre,-34.14992,22.101451,18.6,12.7,null
2026-03-24T10:18:36.844123+00:00,Andre,-34.149329,22.101607,19.4,16.4,null
2026-03-24T10:19:22.067107+00:00,Andre,-34.148858,22.101761,24.4,16.1,null
2026-03-24T10:19:33.522251+00:00,Andre,-34.148186,22.101942,26.5,16.4,null
2026-03-24T10:19:51.435856+00:00,Andre,-34.147642,22.101942,0.4,15,null
2026-03-24T10:20:47.97113+00:00,Andre,-34.147414,22.10188,19.2,15.5,null
2026-03-24T10:20:59.438978+00:00,Andre,-34.146445,22.101749,38.1,13.2,null
2026-03-24T10:21:16.202732+00:00,Andre,-34.145408,22.101686,37.2,11.1,null
2026-03-24T10:21:27.605513+00:00,Andre,-34.143615,22.101575,45.9,9.4,null
2026-03-24T10:21:39.078086+00:00,Andre,-34.142756,22.101502,21,11,null
2026-03-24T10:21:50.519418+00:00,Andre,-34.141678,22.101418,37,12.4,null
2026-03-24T10:22:01.652955+00:00,Andre,-34.140525,22.101338,46.1,14.8,null
2026-03-24T10:22:18.381813+00:00,Andre,-34.138715,22.101292,73.2,22.9,null
2026-03-24T10:22:29.484087+00:00,Andre,-34.136001,22.102389,68.5,21.8,null
2026-03-24T10:22:40.594279+00:00,Andre,-34.134486,22.103473,58,21.3,null
2026-03-24T10:22:51.972165+00:00,Andre,-34.133323,22.104314,51.5,21.3,null
2026-03-24T10:23:03.061333+00:00,Andre,-34.131929,22.105328,49.5,21.2,null
2026-03-24T10:23:15.627589+00:00,Andre,-34.131006,22.104835,55.5,21.9,null
2026-03-24T10:23:26.621905+00:00,Andre,-34.129508,22.103166,80.6,37.6,null
2026-03-24T10:23:37.923793+00:00,Andre,-34.128941,22.102024,36.5,42.7,null
2026-03-24T10:23:49.091843+00:00,Andre,-34.129447,22.101586,42.4,38.2,null
2026-03-24T10:24:05.744667+00:00,Andre,-34.130818,22.102132,78.3,31.2,null
2026-03-24T10:24:17.271255+00:00,Andre,-34.134572,22.101092,100.1,19.3,null
2026-03-24T10:24:28.741887+00:00,Andre,-34.13711,22.100099,72.1,19.4,null
2026-03-24T10:24:40.219571+00:00,Andre,-34.137599,22.098009,66.9,29.2,null
2026-03-24T10:24:52.495178+00:00,Andre,-34.137521,22.09741,66.6,32.4,null
2026-03-24T10:25:03.823113+00:00,Andre,-34.135868,22.094095,54.7,57.3,null
2026-03-24T10:25:15.213627+00:00,Andre,-34.135727,22.091968,68.7,68.3,null
2026-03-24T10:25:26.598054+00:00,Andre,-34.136283,22.089825,37.5,70.8,null
2026-03-24T10:25:40.649103+00:00,Andre,-34.136508,22.088988,28.5,75.1,null
2026-03-24T10:25:56.063713+00:00,Andre,-34.137572,22.089635,45.7,84.7,null
2026-03-24T10:26:07.461669+00:00,Andre,-34.139203,22.090799,55.2,87.8,null
2026-03-24T10:26:18.718133+00:00,Andre,-34.139501,22.091391,57.6,83,null
2026-03-24T10:26:30.289881+00:00,Andre,-34.14005,22.092598,2.6,76.6,null
2026-03-24T10:26:41.245317+00:00,Andre,-34.139865,22.092659,7.5,80.6,null
2026-03-24T08:31:31+00:00,Andre,-34.190268,22.120691,1.1,0,null
2026-03-24T10:00:57+00:00,Andre,-34.19008,22.120924,4,0,null
2026-03-24T10:01:07+00:00,Andre,-34.19039,22.12083,6.2,0,null
2026-03-24T10:01:27+00:00,Andre,-34.190542,22.120945,20.1,0,null
2026-03-24T13:00:22.846844+00:00,Andre,-34.139807,22.092755,0.8,48.3,null
2026-03-24T08:31:31+00:00,Andre,-34.190268,22.120691,1.1,0,null
2026-03-24T10:00:57+00:00,Andre,-34.19008,22.120924,4,0,null
2026-03-24T10:01:07+00:00,Andre,-34.19039,22.12083,6.2,0,null
2026-03-24T10:01:27+00:00,Andre,-34.190542,22.120945,20.1,0,null
2026-03-24T13:00:44.711718+00:00,Andre,-34.139949,22.092685,0.2,52.1,null
2026-03-24T08:31:31+00:00,Andre,-34.190268,22.120691,1.1,0,null
2026-03-24T10:00:57+00:00,Andre,-34.19008,22.120924,4,0,null
2026-03-24T10:01:07+00:00,Andre,-34.19039,22.12083,6.2,0,null
2026-03-24T10:01:27+00:00,Andre,-34.190542,22.120945,20.1,0,null
2026-03-24T13:01:07.218586+00:00,Andre,-34.139941,22.092598,0.2,67.9,null
2026-03-24T08:31:31+00:00,Andre,-34.190268,22.120691,1.1,0,null
2026-03-24T10:00:57+00:00,Andre,-34.19008,22.120924,4,0,null
2026-03-24T10:01:07+00:00,Andre,-34.19039,22.12083,6.2,0,null
2026-03-24T10:01:27+00:00,Andre,-34.190542,22.120945,20.1,0,null
2026-03-24T13:01:22.551021+00:00,Andre,-34.139936,22.092577,0.2,71.9,null